EPID,PartNumber
114893734,447145
114917984,447156
114923544,441032
114954686,441760
114980486,444749
114983684,441122
114998654,447123
115006656,441111
115009466,441115
115018788,447180
115039608,447132
115041867,441415
115047918,441102
115049276,447139
115050724,444503
115053757,444227
115055184,447133
115061504,447116
115063014,447157
115063917,444801
115068298,447152
115069788,447129
115078207,441110
115082238,441770
115086677,447120
115102997,441984
115109086,447177
115123878,447111
115128906,444759
115131898,441757
115284494,444034
115321636,444741
115366267,447150
115370838,444226
115405998,441121
168641914,337253
168655546,445209
168661616,338349
168682846,447240
168683776,458012
168700306,445618
168700357,445215
168706864,334199
168717517,445413
168721136,445410
168721597,445611
168727818,339353
168770916,445294
168778694,445650
168792328,339474
168795354,339374
168797854,447244
168799796,445218
168819287,338365
168840294,339226
168843067,338872
168857207,447253
168857306,337250
168861098,339456
168862767,445300
168864027,445296
168888986,339269
168892914,458380
168896126,338255
168901748,338366
168911454,339225
168913634,445501
168920934,334244
168924764,338863
168928807,339300
168929796,334283
168929864,447173
168936537,333313
168940986,458038
168960664,458381
168964357,338686
168968918,447230
168970068,339438
168975348,339256
168980406,338441
168986537,339233
168989398,339373
168990804,337202
169008194,338180
169008274,445633
169011507,338361
169016906,458070
169020434,339289
169021828,339894
169038608,447198
169039927,458072
169064254,339452
169080007,445221
169085806,339242
169087304,337385
169100468,334757
169115274,339275
169136547,339273
169139176,447215
169139467,339767
169139527,337338
169152724,445415
169163436,339234
169173774,458053
169184618,338656
169195208,333897
169200116,458068
169202507,334302
169237147,445280
169237778,458001
169241424,333387
169249427,445205
169262114,337339
169277177,445468
169287196,337341
169289677,458008
169308606,333386
169315326,447221
169330376,334826
169342894,447219
169364487,447217
169379296,337875
169386964,447220
169392788,445499
169396796,445610
169397677,339376
169409858,338683
169421856,445295
169429616,337302
169430466,445620
169436366,447194
169442398,337768
169443646,458052
169443986,339283
169444974,445204
169455986,338758
169460767,337663
169461764,445279
169473274,339221
169482576,445640
169485177,337829
169487924,445402
169487977,339669
169490718,337866
169500897,339223
169503878,445470
169522674,337874
169527214,447199
169544258,447185
169544716,447172
169552577,445211
169584528,447216
169590396,338698
169604316,339213
169610906,333320
169612336,337867
169638737,458030
169649628,339271
169661838,445632
173838044,454032
173881947,447235
173898466,447211
173902627,454007
173909486,447229
173911906,454043
173947754,447267
173977084,447284
174026587,447213
174044686,447224
174072426,447210
174096088,447197
174134724,447251
174196567,447252
174206238,447214
174233647,447278
174257014,451002
174282518,447276
174303337,447275
174308824,454033
174439168,454037
174445804,454030
174450067,454040
174459278,447281
174461474,447241
174480418,447234
174506568,447271
174518437,445627
174583447,451000
174711108,447242
174836854,451007
174845218,447171
174887614,337162
174938037,451001
175012737,454022
175045608,445647
175051878,454002
175083608,447228
175089927,454003
179346326,333601
180204994,337905
187759821,445623
187780481,447126
187820937,448519
187894150,337802
187908472,454031
187913848,339884
187966124,338693
187975122,445418
188050468,541027
188075001,441119
188119414,448202
188132992,441114
188133857,447268
188157727,441769
188158602,444748
188272724,458023
188304185,447283
188310594,447263
188310614,447159
188320618,448724
188332017,448243
188339767,445621
188375230,445497
188414887,541042
188415006,448650
188447503,445416
188698685,448541
188715046,448408
188719206,448881
188735766,448988
188737557,448283
188778565,447233
188781448,448201
188795399,339212
188800846,447103
188800999,447135
188960865,448145
188976224,448280
189020770,448697
189062274,448450
189180795,445648
189755308,448892
189998181,458062
190011577,541050
190018364,541040
190056956,337205
190058803,448207
190065530,447249
190089840,445607
190090010,445637
190098024,448157
190100309,441108
190110806,448476
190118720,445500
190134706,541010
190136217,542014
190186388,448137
190209851,338243
190239574,459008
190249666,337690
190253582,454020
190255857,448499
190325614,448204
190332447,448185
190370313,448025
190411918,447231
190434844,334301
190452642,448629
190493841,448645
190536974,454000
190540309,458057
190562804,445314
190582000,459003
190603023,338888
190623258,338705
190646198,445471
190651829,441410
190660486,447142
190717316,448268
190736554,445455
190736604,448707
190755830,448658
190796611,333388
190821068,338235
190826546,448487
190837051,458048
190837421,337204
190879133,447265
190890689,448699
190894132,445315
190896036,338395
190896688,448160
190897966,448521
190906635,448989
190925738,441103
190927436,542013
190997795,445201
191024292,339427
191028167,447223
191113404,541041
191123001,447151
191163985,448220
191178792,339418
191219903,447186
191227980,448484
191260855,448435
191293924,445382
191319905,334307
191325474,445603
191339859,448274
191347742,447192
191384530,334238
191401809,339693
191406015,447124
191412426,447102
191415621,448520
191420432,447261
191421932,541043
191437985,447153
191438955,339916
191449276,339229
191451397,447188
191454052,454028
191454387,448433
191459335,458040
191460509,458043
191463639,448210
191463859,441771
191469453,458058
191475252,333221
191482074,542015
191482528,448228
191492868,542020
191494974,334477
191495815,458020
191496348,448150
191496528,448288
191502466,448189
191506807,333477
191507909,445214
191508127,445203
191508941,447273
191511993,338689
191515315,333203
191518045,541031
191522062,458002
191526701,447225
191539475,447122
191539595,541032
191549179,448617
191551818,339274
191567658,448262
191569427,448460
191574935,447226
191575579,448213
191581169,448686
191587227,541022
191594280,448539
191595536,448614
191602730,333823
191602970,448489
191606168,448515
191615425,458033
191620430,447277
191622707,339764
191626926,448466
191629501,458047
191639619,334246
191641008,447222
191647534,458028
191651797,339619
191655771,338363
191655980,339476
191659698,339432
191661345,447130
191662029,334760
191662369,448142
191662923,458010
191668856,447118
191669126,339419
191674318,447238
191690124,447250
191694867,339918
191694998,448682
191700272,333476
191708536,448244
191711614,448222
191716825,448208
191717623,337487
191723118,334289
191723848,448209
191728271,447121
191732427,337254
191748925,454001
191749217,458011
191753669,454013
191768225,458071
191772863,447260
191775827,441886
191777427,447218
191783667,338362
191784086,337876
191787024,541059
191789808,447125
191790685,447136
191791273,337276
191792383,338682
191797172,459010
191802441,445414
191803398,337871
191813760,337384
191842633,337301
191847043,333198
191852535,445421
191855508,338886
191861938,447137
191867397,337870
191867715,451008
191872393,338651
191880796,445453
191890653,448627
191890682,448188
191897400,338865
191898642,445642
191902643,541045
191904044,448630
191916227,448692
191917936,448628
191919288,445285
191925373,454012
191935781,448226
191937328,448674
191938674,448286
191941539,448531
191946493,448473
191956547,441120
191973501,441672
191981856,338890
191987707,447183
191990271,339228
191991628,445612
191995632,334311
192002855,541015
192009618,337654
192009703,441126
192019835,448173
192028285,339477
192028907,542025
192030450,444033
192038866,448696
192045940,447179
192047287,444255
192050428,445457
192060568,542030
192062893,448146
192065389,448611
192068280,448437
192072773,447264
192078995,447280
192081803,448615
192082918,448265
192084100,447191
192094380,447158
192098808,445417
192102813,445210
192103360,541024
192103644,447140
192105295,339886
192109672,448017
192109812,447190
192113257,447138
192124598,333576
192129783,448690
192137158,441112
192138761,458031
192143930,441417
192150951,447115
192162592,338688
192166088,448219
192166148,447196
192168766,338248
192168817,458067
192180273,458063
192185370,454021
192206809,459000
192208009,337664
192215643,458050
192217512,338350
192229683,339761
192238578,454038
192253160,458021
192265094,441117
192269173,339380
192280062,448522
192280172,448464
192286039,338769
192305805,458027
192313360,334304
192320636,458032
192329433,445419
192332650,542010
192357371,445216
192365629,337868
192379117,458041
192402745,445353
192404214,445420
192407531,445608
192432902,337860
192445147,444023
192449451,448774
192452680,458000
192472547,444758
192474566,448665
192483291,448143
192488197,448227
192504077,445219
192513971,334314
192514496,445208
192517176,444740
192517647,448693
192519641,448669
192526717,448409
192531213,338874
192531493,448609
192533304,448263
192548777,445484
192555398,448882
192563227,542024
192564484,448242
192573488,448687
192582404,448474
192596468,541012
192596858,445202
192597703,448616
192601970,448760
192612996,448167
192619184,448279
192624839,447269
192625103,541013
192625475,445212
192646359,445617
192648447,441700
192649405,447258
192649738,444232
192650703,448148
192650873,448602
192652655,448405
192655154,441113
192655764,339475
192670402,447248
192675533,448184
192680412,333206
192681520,334652
192682172,447184
192684552,447134
192688026,339240
192690070,445498
192690994,447212
192698809,447141
192700535,447243
192713063,447259
192717820,441118
192721319,447149
192727971,337240
192740000,447193
192757478,447227
192758803,338864
192770984,448300
192778489,448626
192785686,447189
192788592,448659
192798233,337297
192854398,441345
192859886,445638
192860848,458018
192863732,445631
192873213,448182
192883959,448540
192885079,445217
192887087,338862
192890401,447270
192918051,542012
192924196,337360
192931410,448641
192937857,447110
192951515,448680
192955256,441413
192972164,448877
192987223,448404
192989338,445643
193016866,448161
193024054,447127
193027068,448151
193036808,448266
193039474,541026
193064793,339285
193068566,458022
193123154,339760
193127485,333868
193209567,447117
193212234,448177
193220328,448451
193230298,448664
193241160,447119
193315497,448153
193365566,541011
193366367,448406
193376041,454041
193379471,447187
193380566,338680
193397669,448010
193408255,448249
193411601,339486
193413215,447201
193419879,337869
193420088,454023
193426854,458003
193428234,448498
193437924,448469
193443260,447112
193455411,447178
193470526,541044
193473143,441101
193473261,448670
193474583,448667
193476900,448144
193483126,448282
193487121,447101
193512462,441116
193532760,339496
193536579,441412
193537564,338326
193537924,458051
193539224,339220
193547436,447274
193547701,339895
193548628,339626
193548648,447146
193550587,447245
193556379,441705
193566770,448605
193576168,448022
193616652,338650
193625593,448172
193640363,447170
193689311,441704
193689581,447255
193715154,448402
193723761,338677
193744152,448462
193758845,448477
193760684,447266
193795293,542031
193795343,542021
193795533,448761
193864568,447282
194717784,444335
194722394,456013
194723867,455016
194730107,456021
194756247,448675
194763824,448844
194768216,448876
194768887,448018
194787074,441093
194797298,456031
194797728,448858
194797776,448691
194797798,448601
194798088,444062
194800167,448878
194800614,448020
194804838,448753
194809796,448518
194814458,456028
194815718,456058
194816897,448639
194818917,444014
194822374,456079
194822504,456020
194827076,448603
194829254,456067
194841976,441051
194847554,441058
194848327,448517
194849206,456019
194849998,448898
194850278,444315
194853357,441092
194854534,542029
194857056,441021
194859224,455040
194861334,456062
194867327,456078
194867654,456016
194880874,455023
194881154,441059
194881887,456022
194885017,448758
194885777,444032
194899506,448683
194900606,448879
194906016,448604
194912846,456042
194924146,441167
194924446,441107
194929384,448610
194930737,444043
194930744,444051
194931936,456071
194933718,448023
194939886,448015
194940177,448014
194941874,444048
194946126,444080
194948406,448957
194950566,448698
194955658,441072
194956737,456070
194958647,455028
194962326,448673
194969344,444010
194970534,448606
194971294,448880
194976084,441015
194979694,448662
194983694,448773
194993857,448542
194994906,456026
194996034,448024
195009428,456038
195011937,444306
195015284,441091
195020538,441025
195022358,456040
195026588,448931
195028637,448668
195029116,456017
195030668,456018
195035078,448019
195035728,441078
195040078,441127
195048128,441094
195050378,448649
202844587,455018
202880886,455020
202923488,541033
202968588,452791
202971534,452784
202983187,444078
202998224,452843
203007106,455029
203018157,455038
203029216,452415
203041497,452217
203056834,452416
203058338,444059
203091994,455030
203121348,452641
203185046,452025
203192447,448694
203277068,452026
204285901,332346
204289231,441030
204357235,456048
204362377,332945
204363444,456045
204366909,332494
204370384,444336
204370927,332967
204371664,332758
204378067,332470
204381285,444063
204382546,455024
204383496,444302
204386799,332552
204393914,332423
204395749,455031
204397054,332454
204404537,456029
204404846,332447
204405647,444021
204405936,456050
204407374,332655
204410733,455012
204413530,332351
204413813,332491
204416980,441137
204420893,444319
204422086,332440
204426753,332347
204428670,456053
204432889,332430
204433049,456024
204437191,441031
204440668,441096
204441718,448578
204445388,332441
204449718,448727
204460517,332490
204460978,441041
204476130,441095
204479315,456049
204480991,332760
204504866,332252
204506096,332493
204509021,455021
204511118,332251
204529388,456025
204529618,332458
204538082,455019
204540443,332551
204540583,452150
204543184,332538
204548157,444064
204565654,332432
204577789,444307
204599979,456072
204606217,444022
204608893,441012
204640443,455022
204645074,332621
204652076,456068
204655517,332446
204661394,332456
204669082,444314
204677552,332692
204678148,332624
204678292,444082
204679008,456084
204704825,444081
204706075,444304
204717665,441020
204720343,441010
204722154,456080
204724494,541014
204737786,332623
204741551,444337
204766993,441043
204768145,441057
204775063,444060
204792096,332335
204794446,332242
204804928,332636
204805018,332879
204813116,444309
204821999,332693
204842190,456012
204842941,332812
204854440,332433
204867061,332756
204874741,332407
204874801,332229
204888848,332767
204902544,332354
204937196,332448
204942284,332634
204947636,332467
204974624,332355
205004540,455027
205015670,332757
205019254,332403
205021138,332463
205024277,332920
205026418,332915
205031057,332223
205045538,332436
205060357,444056
205063806,332244
205065833,332917
205068614,332657
205068894,332742
205071762,444067
205078351,455041
205078906,332633
205082547,332650
205095105,441024
205099920,332425
205112101,332888
205114793,332766
205119119,444327
205119266,332503
205122371,452864
205145528,444066
205170829,444030
205173885,452029
205181606,332368
205186262,456015
205188172,456041
205192268,332652
205194428,332243
205196652,332479
205210950,456083
205213760,444318
205217793,452030
205218833,332511
205228830,452863
205231223,332357
205254322,455015
205255748,332755
205257858,332631
205257928,332682
205293803,332625
205298093,444312
205351525,455014
205377596,455013
205410772,332402
205445989,452338
205489908,456061
205491371,332656
205500701,332685
205522515,444027
205539484,332420
205543445,444310
205559774,332097
205561386,332427
205564374,332898
205565592,332635
205566946,332156
205568927,332627
205569262,455032
205571006,332422
205571287,332359
205573167,332409
205575517,332554
205584017,332918
205597620,456081
205609803,441019
205620988,332419
205639158,332356
205645358,332691
205956421,452103
205964101,452060
205974441,332449
206007365,444019
206009055,332429
206022412,332260
206023615,332408
206025396,332471
206026524,456010
206026755,456033
206027542,441028
206027882,332478
206028764,332336
206030167,457030
206030784,332712
206032739,456037
206033394,332832
206034596,332949
206036007,332556
206036434,332378
206036997,448636
206039307,332480
206040682,452798
206042229,332148
206043879,332962
206043914,444333
206045426,332616
206045634,456014
206046287,441027
206050065,441077
206056330,444311
206057097,332886
206057120,456059
206057366,332264
206057536,452785
206057679,456030
206058734,332445
206058927,456052
206061080,332946
206067946,332696
206068713,332138
206070884,332637
206072274,441070
206072727,332498
206074087,332431
206077217,332481
206077636,456023
206079557,332367
206079603,444049
206080910,332483
206082663,452797
206083289,455017
206086417,332438
206100043,441016
206107190,456082
206111928,332450
206119878,332426
206135488,441017
206140788,332274
206159918,332501
206353831,444328
206364611,332099
206417192,441042
206419464,444052
206420114,332700
206423645,332684
206435139,332559
206435936,444079
206447584,332558
206449009,452793
206453636,456011
206455997,456032
206459613,452282
206473750,332877
206488703,332553
206507888,332893
206512348,332764
206518928,444058
210226634,337877
210247017,332207
210274025,332121
210368806,332605
210391749,332818
210485943,332819
214763077,337239
214809479,332794
215013015,339425
215123484,332604
215135308,455060
215136704,332739
215157797,456051
217597857,545695
217700747,545187
217745488,545687
217878958,545672
217886717,545409
217927334,452180
217949837,545410
217962118,545603
218051958,545694
218088608,545186
218155644,545678
218156315,455061
218197558,545849
218241108,545652
218511160,452200
218549988,452160
218932674,447166
218939395,447169
218997750,332785
219030843,455042
222827067,452790
222873567,452018
222906454,452009
222909417,457065
222919807,452304
222985678,452021
223020888,452047
223022068,452671
226935921,448271
226944321,546195
226996005,452451
227018437,452287
227021029,546847
227024910,441060
227035982,545677
227053282,452044
227065995,452360
227068172,546660
227081327,545155
227087635,452023
227090446,546899
227091114,455404
227106566,457001
227107299,546261
227111843,546694
227132830,546166
227140376,546192
227177743,546734
227233914,546999
227249922,546260
227259356,546848
227265813,546026
227304921,452881
227322071,546182
227327368,546767
227327938,546733
227360943,546224
227364921,546137
227383800,545617
227383840,452003
227399271,545679
227402834,546628
227419836,545445
227437369,452175
227447610,546502
227457617,452098
227457837,457031
227459944,454200
227477607,452037
227483462,452344
227494840,546990
227502666,546150
227576678,545640
227592643,546952
227620239,455406
227627973,452912
227664493,546964
227665376,546914
227732308,546396
227754838,452315
227826471,546904
227827762,545358
227834202,546242
227855155,452992
227867196,452827
227871765,545651
227872329,455118
227877926,452038
227892577,545948
227892912,546617
227895936,546768
227897476,452651
227899757,452383
227900125,452010
227900834,441062
227902827,546185
227903165,546965
227909119,545650
227921054,452911
227966657,546903
227966738,454018
227974288,452842
227994454,546885
227997724,545498
228007346,546333
228015513,545686
228018935,546229
228025543,455043
228051392,545500
228053078,546884
228053982,452214
228073615,452405
228098616,452799
228108639,452367
228112408,545641
228115355,545446
228117960,452806
228120958,452789
228134230,545582
228170238,452450
228259153,545220
229979484,457014
229979534,559804
229986987,452466
229990040,452288
230017147,546689
230076168,452039
230083207,457002
230093924,559710
230117498,452045
230127414,546854
230130934,452034
230152107,452110
230178864,546751
230192751,452035
230221481,546526
230235038,559221
230236978,558445
230280081,546244
230280274,457015
230281432,452297
230285704,452468
230289115,452033
230294144,452013
230298574,457025
230310830,452720
230320290,545602
230327484,546532
230329595,546171
230339050,452096
230353224,452909
230354832,452215
230355246,545126
230358406,452796
230367527,558134
230373172,545097
230374823,452015
230381817,457003
230385274,546110
230386214,546954
230388529,457012
230394227,546996
230397014,558722
230398068,457207
230399388,546140
230400218,558311
230407237,546119
230418884,352409
230422125,546243
230427119,452028
230439447,457000
230439928,452231
230444768,452020
230459969,452871
230462162,546221
230464077,457899
230472494,546226
230475115,452465
230477624,559207
230480179,546627
230487578,546170
230499444,546225
230503067,546215
230505239,545709
230506059,545191
230508085,452431
230524697,546142
230525747,545644
230527179,545583
230527227,545760
230534037,546123
230538497,452016
230539943,546738
230540158,558310
230551478,452014
230555089,545194
230560888,546227
230561697,545601
230587688,457166
230594868,546948
230600968,546691
230613033,452298
230613243,545046
230620193,545502
233932590,352210
233953804,457027
235365261,457024
235510636,452040
235612591,452425
235612701,558202
235674452,452011
235678162,558629
235690413,457020
235731344,558206
235735934,452803
235748236,558296
235782970,457018
235820815,558625
235822709,457026
235837647,558439
235846768,457011
235862910,352800
235880625,452036
235889966,558626
235926822,448270
235963321,457035
235991891,452721
236058982,352649
236067012,559957
236093332,558222
236101856,558630
236104860,452027
236120992,457019
236132725,558640
236159116,559579
236162164,452487
236165894,457017
236175001,457022
236177896,452066
236232791,457032
236233310,558203
236238803,452859
236243409,546241
236291845,447254
236316122,452019
236337838,452176
236347998,558446
236353580,452925
236369768,452007
236381160,357801
236391267,558935
236433115,559529
236479815,447976
236503224,457034
236517154,452012
236518544,457036
236535055,559852
236558736,452430
236576016,457010
236584013,457023
236647348,558578
236648458,457028
239195092,553291
239234571,553062
239293286,553260
239334028,553139
239334646,553930
239371067,553028
239392217,553078
239415473,553447
239428415,553292
239431047,553333
239434135,553336
239455677,553295
