EPID,PartNumber
204816887,332002
206033124,332003
206113078,332009
205654578,332015
204955757,332035
205020176,332041
205559774,332097
205577266,332103
205568676,332104
204358406,332134
205566946,332156
210247017,332207
205031057,332223
205194428,332243
205063806,332244
204792096,332335
206028764,332336
204902544,332354
204974624,332355
205639158,332356
205571287,332359
205181606,332368
206036434,332378
205019254,332403
205573167,332409
205062234,332418
205620988,332419
205539484,332420
205571006,332422
206119878,332426
205561386,332427
205045538,332436
206086417,332438
204655517,332446
204937196,332448
206111928,332450
204397054,332454
204661394,332456
205021138,332463
206025396,332471
206039307,332480
206077217,332481
204460517,332490
204506096,332493
206159918,332501
205119266,332503
204543184,332538
205575517,332554
206036007,332556
215123484,332604
204645074,332621
204678148,332624
205568927,332627
205257858,332631
204804928,332636
206070884,332637
205257928,332682
206420114,332700
215136704,332739
205068894,332742
205255748,332755
204371664,332758
206512348,332764
206033394,332832
204805018,332879
206507888,332893
205026418,332915
205584017,332918
205024277,332920
168992848,333006
169475078,333009
169310697,333115
168936537,333313
169610906,333320
169308606,333386
169241424,333387
169597237,333504
169135168,333505
168838126,333506
179346326,333601
169195208,333897
169378997,334009
169193696,334104
169492336,334105
168706864,334199
168920934,334244
168929796,334283
169202507,334302
169100468,334757
169330376,334826
168855897,337004
169141066,337006
169347344,337007
168852607,337075
169438526,337084
169137317,337104
174887614,337162
168990804,337202
214763077,337239
168857306,337250
168641914,337253
169429616,337302
169338398,337304
169687158,337334
169139527,337338
169262114,337339
169287196,337341
169087304,337385
169460767,337663
169442398,337768
169485177,337829
169490718,337866
169612336,337867
169522674,337874
169379296,337875
210226634,337877
180204994,337905
168962348,337975
169328646,338016
169466694,338019
169154057,338041
169532447,338042
169396548,338103
169032646,338106
169008194,338180
168896126,338255
169358084,338286
168661616,338349
169011507,338361
168819287,338365
168901748,338366
168980406,338441
169184618,338656
169409858,338683
168964357,338686
169590396,338698
169455986,338758
168924764,338863
168843067,338872
168727818,339353
169064254,339452
191418667,408004
191503306,408005
190243064,408035
188982847,408036
191554176,408054
192618844,408065
214883617,418005
214952497,418036
194976084,441015
194857056,441021
195020538,441025
114923544,441032
194841976,441051
179170568,441054
194841624,441055
194847554,441058
194881154,441059
227900834,441062
194955658,441072
195035728,441078
195015284,441091
194853357,441092
194787074,441093
195048128,441094
115047918,441102
194924446,441107
115078207,441110
115006656,441111
115009466,441115
115405998,441121
114983684,441122
195040078,441127
194924146,441167
194917584,441206
115336857,441306
194719754,441354
194851476,441355
114956056,441404
115041867,441415
115328197,441454
174206227,441455
115131898,441757
114954686,441760
115082238,441770
115102997,441984
115159597,444004
114964844,444005
194729917,444006
194969344,444010
194818917,444014
194885777,444032
115284494,444034
194930737,444043
194941874,444048
194930744,444051
203058338,444059
194798088,444062
114995416,444074
202983187,444078
194946126,444080
115075796,444084
194940488,444134
194917574,444206
115370838,444226
115053757,444227
195100228,444233
195011937,444306
194850278,444315
194717784,444335
194724234,444355
115050724,444503
195005534,444504
115321636,444741
114980486,444749
115128906,444759
115063917,444801
169528347,445004
169420334,445005
169346314,445036
168963546,445037
169008317,445055
169345366,445104
169369116,445135
168683956,445137
169444974,445204
169249427,445205
168655546,445209
169552577,445211
168700357,445215
168799796,445218
169080007,445221
169461764,445279
169237147,445280
168770916,445294
169421856,445295
168864027,445296
168862767,445300
169487924,445402
168721136,445410
168717517,445413
169152724,445415
169277177,445468
169503878,445470
169392788,445499
168913634,445501
169396796,445610
168721597,445611
168700306,445618
169430466,445620
174518437,445627
169661838,445632
169008274,445633
169482576,445640
175045608,445647
168778694,445650
174833836,445954
169586276,447105
114960304,447106
169092278,447107
115123878,447111
115061504,447116
115086677,447120
114998654,447123
115069788,447129
115404178,447131
115039608,447132
115055184,447133
115049276,447139
114893734,447145
115366267,447150
115068298,447152
114917984,447156
115063014,447157
174845218,447171
169544716,447172
168929864,447173
168963647,447174
115081924,447175
115053416,447176
115109086,447177
115018788,447180
169544258,447185
169436366,447194
168927426,447195
174096088,447197
169038608,447198
169527214,447199
115000708,447205
239430067,447207
174072426,447210
173898466,447211
174026587,447213
174206238,447214
169139176,447215
169584528,447216
169364487,447217
169342894,447219
169386964,447220
169315326,447221
174044686,447224
175083608,447228
173909486,447229
168968918,447230
174480418,447234
173881947,447235
169468784,447236
168682846,447240
174461474,447241
174711108,447242
168797854,447244
174134724,447251
174196567,447252
168857207,447253
173947754,447267
174506568,447271
174303337,447275
174282518,447276
174233647,447278
174459278,447281
173977084,447284
193018057,448006
190201446,448009
194940177,448014
194939886,448015
194768887,448018
195035078,448019
194800614,448020
194933718,448023
194996034,448024
187933196,448034
192310194,448055
192341374,448056
191420254,448064
191493624,448104
190186388,448137
191496348,448150
193315497,448153
190098024,448157
193016866,448161
192612996,448167
193212234,448177
190332447,448185
191502466,448189
188781448,448201
188119414,448202
190325614,448204
191711614,448222
192488197,448227
191482528,448228
191567658,448262
193036808,448266
190717316,448268
192619184,448279
188976224,448280
193483126,448282
188737557,448283
193715154,448402
193366367,448406
188715046,448408
191454387,448433
189062274,448450
193220328,448451
191606168,448515
194848327,448517
194809796,448518
194993857,448542
194797798,448601
194827076,448603
194906016,448604
194970534,448606
194929384,448610
191917936,448628
194816897,448639
195050378,448649
194979694,448662
195028637,448668
194962326,448673
194756247,448675
194899506,448683
194797776,448691
191916227,448692
203192447,448694
194950566,448698
188320618,448724
194804838,448753
194885017,448758
194983694,448773
194763824,448844
194797728,448858
194768216,448876
194800167,448878
194900606,448879
194971294,448880
192555398,448882
189755308,448892
194849998,448898
195026588,448931
194948406,448957
188735766,448988
174583447,451000
174938037,451001
174257014,451002
174781437,451004
174836854,451007
175079518,451206
222906454,452009
230294144,452013
230551478,452014
230538497,452016
222873567,452018
230444768,452020
222985678,452021
203185046,452025
203277068,452026
230130934,452034
230076168,452039
230117498,452045
223020888,452047
217927334,452180
203041497,452217
222919807,452304
203029216,452415
203056834,452416
229986987,452466
230285704,452468
203121348,452641
223022068,452671
202971534,452784
222827067,452790
202968588,452791
202998224,452843
227921054,452911
175051878,454002
175089927,454003
173902627,454007
227966738,454018
175012737,454022
174445804,454030
173838044,454032
174308824,454033
174439168,454037
174450067,454040
173911906,454043
175108664,454174
173876677,454175
174278364,454305
194799676,455004
194804898,455006
194723867,455016
202844587,455018
202880886,455020
194880874,455023
194958647,455028
203007106,455029
203091994,455030
194735786,455035
203018157,455038
194859224,455040
215135308,455060
194738054,455304
194959767,455305
194960544,455306
194980064,455334
194757624,455355
194974826,455356
194722394,456013
194867654,456016
195029116,456017
195030668,456018
194849206,456019
194822504,456020
194730107,456021
194881887,456022
194994906,456026
194814458,456028
194797298,456031
194906874,456034
195009428,456038
195022358,456040
194912846,456042
215157797,456051
194729986,456054
194741324,456055
194815718,456058
194861334,456062
194829254,456067
194956737,456070
194931936,456071
194867327,456078
194822374,456079
194842938,456174
194912816,456175
194902618,456204
194915708,456206
230439447,457000
230083207,457002
230381817,457003
230280274,457015
230298574,457025
230276537,457056
222909417,457065
230403564,457105
228020998,457106
230587688,457166
202969776,457204
202926178,457205
230398068,457207
230464077,457899
169237778,458001
168683944,458004
168705324,458006
169289677,458008
168683776,458012
169638737,458030
168940986,458038
169443646,458052
169173774,458053
169200116,458068
169016906,458070
169039927,458072
168892914,458380
168960664,458381
169578154,459004
168974438,459005
168851877,459056
189195806,541004
190134706,541010
193365566,541011
193039474,541026
188050468,541027
202923488,541033
191113404,541041
188414887,541042
193470526,541044
190011577,541050
188411078,541105
192560816,541306
188402934,541354
191125077,542006
190927436,542013
190136217,542014
191482074,542015
191492868,542020
192563227,542024
194854534,542029
190252797,542104
187944186,542176
191539124,542206
190050866,542234
218011164,545006
218195408,545034
217793727,545035
218088608,545186
217700747,545187
217612817,545335
218118417,545354
217886717,545409
217949837,545410
217962118,545603
218241108,545652
217878958,545672
218155644,545678
217745488,545687
218051958,545694
217597857,545695
238010184,545774
218197558,545849
230211004,546006
230225948,546085
230385274,546110
230407237,546119
230534037,546123
230399388,546140
230524697,546142
230487578,546170
230312647,546209
230503067,546215
230499444,546225
230472494,546226
230560888,546227
230327484,546532
227402834,546628
230017147,546689
230600968,546691
230178864,546751
227327368,546767
230127414,546854
230594868,546948
230394227,546996
227233914,546999
239345297,553222
239455677,553295
239263027,553610
239441157,553693
239401228,553718
239300134,553898
239437854,553900
239536368,553919
239510308,557145
239505938,557156
239357337,557205
239424924,557206
239428597,557375
239290497,557469
239284694,557556
239252357,557653
239285524,557988
243523098,558113
230367527,558134
230362567,558188
230108588,558220
230540158,558310
230400218,558311
230473134,558405
230236978,558445
230127814,558519
243627598,558682
243439907,558706
230397014,558722
230140134,558947
230415964,559105
230477624,559207
230235038,559221
243524927,559669
230093924,559710
229979534,559804
215061624,700002
215078888,700003
215007807,700004
215136743,700005
210395825,700006
210225942,700009
214816817,700012
210382124,700026
215297088,700027
210392092,700028
216000281,700029
